{"cameraMode":{"drawMode":0,"name":"Shaded","section":"Shading Mode"},"sceneLighting":true,"audioPlay":false,"sceneViewState":{"showFog":true,"showMaterialUpdate":false,"showSkybox":true,"showFlares":true,"showImageEffects":true,"showParticleSystems":true},"in2DMode":false,"pivot":{"x":-0.21033191680908204,"y":3.1547532081604006,"z":0.021924734115600587},"rotation":{"x":0.19109244644641877,"y":-0.6023948192596436,"z":0.1514468789100647,"w":0.7600567936897278},"size":12.014497756958008,"orthographic":false}